Workbook

Sheet Resumen
B1: Asistencia a las Actividades
B2: I-2021 | C2: II-2021 | D2: I-2022 | E2: II-2022 | F2: III-2022 | G2: I-2023 | H2: II-2023 | I2: I-2024 | J2: II-2024 | K2: I-2025 | L2: II-2025
A3: Sí | B3: ='I-2021'!B2 -> 64 | C3: ='II-2021'!B2 -> 45 | D3: ='I-2022'!B2 -> 35 | E3: ='II-2022'!B2 -> 25 | F3: ='III-2022'!B2 -> 5 | G3: ='I-2023'!B2 -> 20 | H3: ='II-2023'!B2 -> 34 | I3: ='I-2024'!B2 -> 50 | J3: ='II-2024'!B2 -> 31 | K3: ='I-2025'!B2 -> 36 | L3: ='II-2025'!B2 -> 23
A4: No | B4: ='I-2021'!B3 -> 33 | C4: ='II-2021'!B3 -> 17 | D4: ='I-2022'!B3 -> 10 | E4: ='II-2022'!B3 -> 20 | F4: ='III-2022'!B3 -> 5 | G4: ='I-2023'!B3 -> 16 | H4: ='II-2023'!B3 -> 15 | I4: ='I-2024'!B3 -> 22 | J4: ='II-2024'!B3 -> 11 | K4: ='I-2025'!B3 -> 19 | L4: ='II-2025'!B3 -> 18
A5: TOTAL | B5: =SUM(B3:B4) -> 97 | C5: =SUM(C3:C4) -> 62 | D5: =SUM(D3:D4) -> 45 | E5: =SUM(E3:E4) -> 45 | F5: =SUM(F3:F4) -> 10 | G5: =SUM(G3:G4) -> 36 | H5: =SUM(H3:H4) -> 49 | I5: =SUM(I3:I4) -> 72 | ... L5: =SUM(L3:L4) -> 41
B7: ¿Considera que las actividades realizadas por los énfasis influyeron en su elección?
B8: II-2021 | C8: I-2022 | D8: II-2022 | E8: III-2022 | F8: I-2023 | G8: II-2023 | H8: I-2024 | I8: II-2024 | J8: I-2025 | K8: II-2025
A9: Sí | B9: ='II-2021'!C30 -> 18 | C9: ='I-2022'!C30 -> 8 | D9: ='II-2022'!C30 -> 1 | E9: ='III-2022'!C30 -> 1 | F9: ='I-2023'!C30 -> 5 | G9: ='II-2023'!C30 -> 6 | H9: ='I-2024'!C30 -> 14 | I9: ='II-2024'!C30 -> 13 | J9: ='I-2025'!C30 -> 15 | K9: ='II-2025'!C30 -> 4
A10: No | B10: ='II-2021'!C31 -> 9 | C10: ='I-2022'!C31 -> 6 | D10: ='II-2022'!C31 -> 6 | E10: ='III-2022'!C31 -> 0 | F10: ='I-2023'!C31 -> 2 | G10: ='II-2023'!C31 -> 9 | H10: ='I-2024'!C31 -> 9 | I10: ='II-2024'!C31 -> 1 | J10: ='I-2025'!C31 -> 4 | K10: ='II-2025'!C31 -> 9
A11: Parcialmente | B11: ='II-2021'!C32 -> 18 | C11: ='I-2022'!C32 -> 21 | D11: ='II-2022'!C32 -> 18 | E11: ='III-2022'!C32 -> 4 | F11: ='I-2023'!C32 -> 13 | G11: ='II-2023'!C32 -> 19 | H11: ='I-2024'!C32 -> 27 | I11: ='II-2024'!C32 -> 17 | J11: ='I-2025'!C32 -> 17 | K11: ='II-2025'!C32 -> 10
A12: Blanco | B12: ='II-2021'!C33 -> 17 | C12: ='I-2022'!C33 -> 10 | D12: ='II-2022'!C33 -> 20 | E12: ='III-2022'!C33 -> 5 | F12: ='I-2023'!C33 -> 16 | G12: ='II-2023'!C33 -> 15 | H12: ='I-2024'!C33 -> 22 | I12: ='II-2024'!C33 -> 11 | J12: ='I-2025'!C33 -> 19 | K12: ='II-2025'!C33 -> 18
A13: TOTAL | B13: =SUM(B9:B12) -> 62 | C13: =SUM(C9:C12) -> 45 | D13: =SUM(D9:D12) -> 45 | E13: =SUM(E9:E12) -> 10 | F13: =SUM(F9:F12) -> 36 | G13: =SUM(G9:G12) -> 49 | H13: =SUM(H9:H12) -> 72 | I13: =SUM(I9:I12) -> 42 | ... K13: =SUM(K9:K12) -> 41
B15: ¿Cuáles factores influyeron en su decisión de elección de énfasis? Actividades organizadas por la ECCI
B16: II-2021 | C16: I-2022 | D16: II-2022 | E16: III-2022 | F16: I-2023 | G16: II-2023 | H16: I-2024 | I16: II-2024 | J16: I-2025 | K16: II-2025
A17: Sí | B17: ='II-2021'!B30 -> 21 | C17: ='I-2022'!B30 -> 9 | D17: ='II-2022'!B30 -> 6 | E17: ='III-2022'!B30 -> 2 | F17: ='I-2023'!B30 -> 5 | G17: ='II-2023'!B30 -> 7 | H17: ='I-2024'!B30 -> 17 | I17: ='II-2024'!B30 -> 13 | J17: ='I-2025'!B30 -> 14 | K17: ='II-2025'!B30 -> 7
A18: No | B18: ='II-2021'!B31 -> 41 | C18: ='I-2022'!B31 -> 36 | D18: ='II-2022'!B31 -> 39 | E18: ='III-2022'!B31 -> 8 | F18: ='I-2023'!B31 -> 31 | G18: ='II-2023'!B31 -> 42 | H18: ='I-2024'!B31 -> 55 | I18: ='II-2024'!B31 -> 29 | J18: ='I-2025'!B31 -> 41 | K18: ='II-2025'!B31 -> 34
A19: TOTAL | B19: =SUM(B17:B18) -> 62 | C19: =SUM(C17:C18) -> 45 | D19: =SUM(D17:D18) -> 45 | E19: =SUM(E17:E18) -> 10 | F19: =SUM(F17:F18) -> 36 | G19: =SUM(G17:G18) -> 49 | H19: =SUM(H17:H18) -> 72 | I19: =SUM(I17:I18) -> 42 | ... K19: =SUM(K17:K18) -> 41
B21: ¿En cuál semestre de la carrera tomó la decisión sobre el énfasis?
B22: II-2021 | C22: I-2022 | D22: II-2022 | E22: III-2022 | F22: I-2023 | G22: II-2023 | H22: I-2024 | I22: II-2024 | J22: I-2025 | K22: II-2025
A23: I semestre del 1er año | B23: ='II-2021'!I30 -> 9 | C23: ='I-2022'!I30 -> 4 | D23: ='II-2022'!I30 -> 7 | E23: ='III-2022'!I30 -> 2 | F23: ='I-2023'!I30 -> 2 | G23: ='II-2023'!I30 -> 9 | H23: ='I-2024'!I30 -> 7 | I23: ='II-2024'!I30 -> 6 | J23: ='I-2025'!I30 -> 10 | K23: ='II-2025'!I30 -> 11
A24: II semestre del 1er año | B24: ='II-2021'!I31 -> 6 | C24: ='I-2022'!I31 -> 3 | D24: ='II-2022'!I31 -> 4 | E24: ='III-2022'!I31 -> 2 | F24: ='I-2023'!I31 -> 0 | G24: ='II-2023'!I31 -> 4 | H24: ='I-2024'!I31 -> 5 | I24: ='II-2024'!I31 -> 3 | J24: ='I-2025'!I31 -> 7 | K24: ='II-2025'!I31 -> 2
A25: I semestre del 2do año | B25: ='II-2021'!I32 -> 11 | C25: ='I-2022'!I32 -> 12 | D25: ='II-2022'!I32 -> 12 | E25: ='III-2022'!I32 -> 1 | F25: ='I-2023'!I32 -> 10 | G25: ='II-2023'!I32 -> 10 | H25: ='I-2024'!I32 -> 12 | I25: ='II-2024'!I32 -> 7 | J25: ='I-2025'!I32 -> 7 | K25: ='II-2025'!I32 -> 6
A26: II semestre del 2do año | B26: ='II-2021'!I33 -> 36 | C26: ='I-2022'!I33 -> 26 | D26: ='II-2022'!I33 -> 22 | E26: ='III-2022'!I33 -> 5 | F26: ='I-2023'!I33 -> 24 | G26: ='II-2023'!I33 -> 26 | H26: ='I-2024'!I33 -> 48 | I26: ='II-2024'!I33 -> 26 | J26: ='I-2025'!I33 -> 31 | K26: ='II-2025'!I33 -> 22
A27: TOTAL | B27: =SUM(B23:B26) -> 62 | C27: =SUM(C23:C26) -> 45 | D27: =SUM(D23:D26) -> 45 | E27: =SUM(E23:E26) -> 10 | F27: =SUM(F23:F26) -> 36 | G27: =SUM(G23:G26) -> 49 | H27: =SUM(H23:H26) -> 72 | I27: =SUM(I23:I26) -> 42 | ... K27: =SUM(K23:K26) -> 41
B29: Énfasis que va a escoger
B30: II-2021 | C30: I-2022 | D30: II-2022 | E30: III-2022 | F30: I-2023 | G30: II-2023 | H30: I-2024 | I30: II-2024 | J30: I-2025 | K30: II-2025
A31: CC | B31: ='II-2021'!L30 -> 13 | C31: ='I-2022'!L30 -> 9 | D31: ='II-2022'!L30 -> 22 | E31: ='III-2022'!L30 -> 3 | F31: ='I-2023'!L30 -> 17 | G31: ='II-2023'!L30 -> 18 | H31: ='I-2024'!L30 -> 25 | I31: ='II-2024'!L30 -> 14 | J31: ='I-2025'!L30 -> 24 | K31: ='II-2025'!L30 -> 13
A32: IS | B32: ='II-2021'!L31 -> 31 | C32: ='I-2022'!L31 -> 25 | D32: ='II-2022'!L31 -> 15 | E32: ='III-2022'!L31 -> 6 | F32: ='I-2023'!L31 -> 13 | G32: ='II-2023'!L31 -> 30 | H32: ='I-2024'!L31 -> 29 | I32: ='II-2024'!L31 -> 13 | J32: ='I-2025'!L31 -> 22 | K32: ='II-2025'!L31 -> 19
A33: ITI | B33: ='II-2021'!L32 -> 18 | C33: ='I-2022'!L32 -> 11 | D33: ='II-2022'!L32 -> 8 | E33: ='III-2022'!L32 -> 1 | F33: ='I-2023'!L32 -> 6 | G33: ='II-2023'!L32 -> 1 | H33: ='I-2024'!L32 -> 18 | I33: ='II-2024'!L32 -> 15 | J33: ='I-2025'!L32 -> 9 | K33: ='II-2025'!L32 -> 9
A34: TOTAL | B34: =SUM(B31:B33) -> 62 | C34: =SUM(C31:C33) -> 45 | D34: =SUM(D31:D33) -> 45 | E34: =SUM(E31:E33) -> 10 | F34: =SUM(F31:F33) -> 36 | G34: =SUM(G31:G33) -> 49 | H34: =SUM(H31:H33) -> 72 | I34: =SUM(I31:I33) -> 42 | ... K34: =SUM(K31:K33) -> 41

Sheet I-2021
B1: Asistencia
A2: Sí | B2: 64
A3: No | B3: 33
A4: N/A | B4: 0
A5: Blanco | B5: 1
A6: TOTAL | B6: =SUM(B2:B5) -> 98
B29: ¿Tenía usted una decisión tomada sobre el énfasis a elegir antes de asistir a las actividades de los énfasis? | C29: ¿Cambió su decisión después de asistir a las actividades informativas? | D29: En resumen, ¿considera que las actividades le ayudaron a tomar una decisión más informada sobre el énfasis a elegir?
A30: Sí | B30: 22 | C30: 9 | D30: 54
A31: No | B31: 6 | C31: 49 | D31: 4
A32: N/A | B32: 0 | C32: 40 | D32: 40
A33: Blanco | B33: 34 | C33: 0 | D33: 0
A34: No estaba 100% decidido(a) | B34: 36
A35: TOTAL | B35: =SUM(B30:B34) -> 98 | C35: =SUM(C30:C34) -> 98 | D35: =SUM(D30:D34) -> 98

Sheet II-2021
B1: Asistencia
A2: Sí | B2: 45
A3: No | B3: 17
A4: N/A | B4: 0
A5: Blanco | B5: 0
A6: TOTAL | B6: =SUM(B2:B5) -> 62
B29: ¿Cuáles factores influyeron en su decisión de elección de énfasis? Actividades organizadas por la ECCI | C29: ¿Considera que las actividades realizadas por los énfasis influyeron en su elección? | H29: ¿En cuál semestre de la carrera tomó la decisión sobre el énfasis? | L29: Énfasis que va a esciger
A30: Sí | B30: 21 | C30: 18 | H30: I semestre del 1er año | I30: 9 | K30: CC | L30: 13
A31: No | B31: 41 | C31: 9 | H31: II semestre del 1er año | I31: 6 | K31: IS | L31: 31
A32: Parcialmente | B32: 0 | C32: 18 | H32: I semestre del 2do año | I32: 11 | K32: ITI | L32: 18
A33: Blanco | B33: 0 | C33: 17 | H33: II semestre del 2do año | I33: 36
A34: No estaba 100% decidido(a) | B34: 0 | I34: =SUM(I30:I33) -> 62 | L34: =SUM(L30:L32) -> 62
A35: TOTAL | B35: =SUM(B30:B34) -> 62 | C35: =SUM(C30:C34) -> 62

Sheet I-2022
B1: Asistencia
A2: Sí | B2: 35
A3: No | B3: 10
A4: N/A | B4: 0
A5: Blanco | B5: 0
A6: TOTAL | B6: =SUM(B2:B5) -> 45
B29: ¿Cuáles factores influyeron en su decisión de elección de énfasis? Actividades organizadas por la ECCI | C29: ¿Considera que las actividades realizadas por los énfasis influyeron en su elección? | H29: ¿En cuál semestre de la carrera tomó la decisión sobre el énfasis? | L29: Énfasis que va a esciger
A30: Sí | B30: 9 | C30: 8 | H30: I semestre del 1er año | I30: 4 | K30: CC | L30: 9
A31: No | B31: 36 | C31: 6 | H31: II semestre del 1er año | I31: 3 | K31: IS | L31: 25
A32: Parcialmente | B32: 0 | C32: 21 | H32: I semestre del 2do año | I32: 12 | K32: ITI | L32: 11
A33: Blanco | B33: 0 | C33: 10 | H33: II semestre del 2do año | I33: 26
A34: No estaba 100% decidido(a) | B34: 0 | I34: =SUM(I30:I33) -> 45 | L34: =SUM(L30:L32) -> 45
A35: TOTAL | B35: =SUM(B30:B34) -> 45 | C35: =SUM(C30:C34) -> 45

Sheet II-2022
B1: Asistencia
A2: Sí | B2: 25
A3: No | B3: 20
A4: N/A | B4: 0
A5: Blanco | B5: 0
A6: TOTAL | B6: =SUM(B2:B5) -> 45
B29: ¿Cuáles factores influyeron en su decisión de elección de énfasis? Actividades organizadas por la ECCI | C29: ¿Considera que las actividades realizadas por los énfasis influyeron en su elección? | H29: ¿En cuál semestre de la carrera tomó la decisión sobre el énfasis? | L29: Énfasis que va a esciger
A30: Sí | B30: 6 | C30: 1 | H30: I semestre del 1er año | I30: 7 | K30: CC | L30: 22
A31: No | B31: 39 | C31: 6 | H31: II semestre del 1er año | I31: 4 | K31: IS | L31: 15
A32: Parcialmente | B32: 0 | C32: 18 | H32: I semestre del 2do año | I32: 12 | K32: ITI | L32: 8
A33: Blanco | B33: 0 | C33: 20 | H33: II semestre del 2do año | I33: 22
A34: No estaba 100% decidido(a) | B34: 0 | I34: =SUM(I30:I33) -> 45 | L34: =SUM(L30:L32) -> 45
A35: TOTAL | B35: =SUM(B30:B34) -> 45 | C35: =SUM(C30:C34) -> 45

Sheet III-2022
B1: Asistencia
A2: Sí | B2: 5
A3: No | B3: 5
A4: N/A | B4: 0
A5: Blanco | B5: 0
A6: TOTAL | B6: =SUM(B2:B5) -> 10
B29: ¿Cuáles factores influyeron en su decisión de elección de énfasis? Actividades organizadas por la ECCI | C29: ¿Considera que las actividades realizadas por los énfasis influyeron en su elección? | H29: ¿En cuál semestre de la carrera tomó la decisión sobre el énfasis? | L29: Énfasis que va a esciger
A30: Sí | B30: 2 | C30: 1 | H30: I semestre del 1er año | I30: 2 | K30: CC | L30: 3
A31: No | B31: 8 | C31: 0 | H31: II semestre del 1er año | I31: 2 | K31: IS | L31: 6
A32: Parcialmente | B32: 0 | C32: 4 | H32: I semestre del 2do año | I32: 1 | K32: ITI | L32: 1
A33: Blanco | B33: 0 | C33: 5 | H33: II semestre del 2do año | I33: 5
A34: No estaba 100% decidido(a) | B34: 0 | I34: =SUM(I30:I33) -> 10 | L34: =SUM(L30:L32) -> 10
A35: TOTAL | B35: =SUM(B30:B34) -> 10 | C35: =SUM(C30:C34) -> 10

Sheet I-2023
B1: Asistencia
A2: Sí | B2: 20
A3: No | B3: 16
A4: N/A | B4: 0
A5: Blanco | B5: 0
A6: TOTAL | B6: =SUM(B2:B5) -> 36
B29: ¿Cuáles factores influyeron en su decisión de elección de énfasis? Actividades organizadas por la ECCI | C29: ¿Considera que las actividades realizadas por los énfasis influyeron en su elección? | H29: ¿En cuál semestre de la carrera tomó la decisión sobre el énfasis? | L29: Énfasis que va a esciger
A30: Sí | B30: 5 | C30: 5 | H30: I semestre del 1er año | I30: 2 | K30: CC | L30: 17
A31: No | B31: 31 | C31: 2 | H31: II semestre del 1er año | I31: 0 | K31: IS | L31: 13
A32: Parcialmente | B32: 0 | C32: 13 | H32: I semestre del 2do año | I32: 10 | K32: ITI | L32: 6
A33: Blanco | B33: 0 | C33: 16 | H33: II semestre del 2do año | I33: 24
A34: No estaba 100% decidido(a) | B34: 0 | I34: =SUM(I30:I33) -> 36 | L34: =SUM(L30:L32) -> 36
A35: TOTAL | B35: =SUM(B30:B34) -> 36 | C35: =SUM(C30:C34) -> 36

Sheet II-2023
B1: Asistencia
A2: Sí | B2: 34
A3: No | B3: 15
A4: N/A | B4: 4
A5: Blanco | B5: 0
A6: TOTAL | B6: =SUM(B2:B5) -> 53
B29: ¿Cuáles factores influyeron en su decisión de elección de énfasis? Actividades organizadas por la ECCI | C29: ¿Considera que las actividades realizadas por los énfasis influyeron en su elección? | H29: ¿En cuál semestre de la carrera tomó la decisión sobre el énfasis? | L29: Énfasis que va a esciger
A30: Sí | B30: 7 | C30: 6 | H30: I semestre del 1er año | I30: 9 | K30: CC | L30: 18
A31: No | B31: 42 | C31: 9 | H31: II semestre del 1er año | I31: 4 | K31: IS | L31: 30
A32: Parcialmente | B32: 0 | C32: 19 | H32: I semestre del 2do año | I32: 10 | K32: ITI | L32: 1
A33: Blanco | B33: 0 | C33: 15 | H33: II semestre del 2do año | I33: 26
A34: No estaba 100% decidido(a) | B34: 0 | I34: =SUM(I30:I33) -> 49 | L34: =SUM(L30:L32) -> 49
A35: TOTAL | B35: =SUM(B30:B34) -> 49 | C35: =SUM(C30:C34) -> 49

Sheet I-2024
B1: Asistencia
A2: Sí | B2: 50
A3: No | B3: 22
A4: N/A | B4: 21
A5: Blanco | B5: 0
A6: TOTAL | B6: =SUM(B2:B5) -> 93
B29: ¿Cuáles factores influyeron en su decisión de elección de énfasis? Actividades organizadas por la ECCI | C29: ¿Considera que las actividades realizadas por los énfasis influyeron en su elección? | H29: ¿En cuál semestre de la carrera tomó la decisión sobre el énfasis? | L29: Énfasis que va a esciger
A30: Sí | B30: 17 | C30: 14 | H30: I semestre del 1er año | I30: 7 | K30: CC | L30: 25
A31: No | B31: 55 | C31: 9 | H31: II semestre del 1er año | I31: 5 | K31: IS | L31: 29
A32: Parcialmente | B32: 0 | C32: 27 | H32: I semestre del 2do año | I32: 12 | K32: ITI | L32: 18
A33: Blanco | B33: 0 | C33: 22 | H33: II semestre del 2do año | I33: 48
A34: No estaba 100% decidido(a) | B34: 0 | I34: =SUM(I30:I33) -> 72 | L34: =SUM(L30:L32) -> 72
A35: TOTAL | B35: =SUM(B30:B34) -> 72 | C35: =SUM(C30:C34) -> 72

Sheet II-2024
B1: Asistencia
A2: Sí | B2: 31
A3: No | B3: 11
A4: N/A | B4: 0
A5: Blanco | B5: 0
A6: TOTAL | B6: =SUM(B2:B5) -> 42
B29: ¿Cuáles factores influyeron en su decisión de elección de énfasis? Actividades organizadas por la ECCI | C29: ¿Considera que las actividades realizadas por los énfasis influyeron en su elección? | H29: ¿En cuál semestre de la carrera tomó la decisión sobre el énfasis? | L29: Énfasis que va a esciger
A30: Sí | B30: 13 | C30: 13 | H30: I semestre del 1er año | I30: 6 | K30: CC | L30: 14
A31: No | B31: 29 | C31: 1 | H31: II semestre del 1er año | I31: 3 | K31: IS | L31: 13
A32: Parcialmente | B32: 0 | C32: 17 | H32: I semestre del 2do año | I32: 7 | K32: ITI | L32: 15
A33: Blanco | B33: 0 | C33: 11 | H33: II semestre del 2do año | I33: 26
A34: No estaba 100% decidido(a) | B34: 0 | I34: =SUM(I30:I33) -> 42 | L34: =SUM(L30:L32) -> 42
A35: TOTAL | B35: =SUM(B30:B34) -> 42 | C35: =SUM(C30:C34) -> 42

Sheet I-2025
B1: Asistencia
A2: Sí | B2: 36
A3: No | B3: 19
A4: N/A | B4: 0
A5: Blanco | B5: 0
A6: TOTAL | B6: =SUM(B2:B5) -> 55
B29: ¿Cuáles factores influyeron en su decisión de elección de énfasis? Actividades organizadas por la ECCI | C29: ¿Considera que las actividades realizadas por los énfasis influyeron en su elección? | H29: ¿En cuál semestre de la carrera tomó la decisión sobre el énfasis? | L29: Énfasis que va a esciger
A30: Sí | B30: 14 | C30: 15 | H30: I semestre del 1er año | I30: 10 | K30: CC | L30: 24
A31: No | B31: 41 | C31: 4 | H31: II semestre del 1er año | I31: 7 | K31: IS | L31: 22
A32: Parcialmente | B32: 0 | C32: 17 | H32: I semestre del 2do año | I32: 7 | K32: ITI | L32: 9
A33: Blanco | B33: 0 | C33: 19 | H33: II semestre del 2do año | I33: 31
A34: No estaba 100% decidido(a) | B34: 0 | I34: =SUM(I30:I33) -> 55 | L34: =SUM(L30:L32) -> 55
A35: TOTAL | B35: =SUM(B30:B34) -> 55 | C35: =SUM(C30:C34) -> 55

Sheet II-2025
B1: Asistencia
A2: Sí | B2: 23
A3: No | B3: 18
A4: N/A | B4: 0
A5: Blanco | B5: 0
A6: TOTAL | B6: =SUM(B2:B5) -> 41
B29: ¿Cuáles factores influyeron en su decisión de elección de énfasis? Actividades organizadas por la ECCI | C29: ¿Considera que las actividades realizadas por los énfasis influyeron en su elección? | H29: ¿En cuál semestre de la carrera tomó la decisión sobre el énfasis? | L29: Énfasis que va a esciger
A30: Sí | B30: 7 | C30: 4 | H30: I semestre del 1er año | I30: 11 | K30: CC | L30: 13
A31: No | B31: 34 | C31: 9 | H31: II semestre del 1er año | I31: 2 | K31: IS | L31: 19
A32: Parcialmente | B32: 0 | C32: 10 | H32: I semestre del 2do año | I32: 6 | K32: ITI | L32: 9
A33: Blanco | B33: 0 | C33: 18 | H33: II semestre del 2do año | I33: 22
A34: No estaba 100% decidido(a) | B34: 0 | I34: =SUM(I30:I33) -> 41 | L34: =SUM(L30:L32) -> 41
A35: TOTAL | B35: =SUM(B30:B34) -> 41 | C35: =SUM(C30:C34) -> 41
